<?xml version="1.0" encoding="UTF-8"?>
<java version="1.7.0_60" class="java.beans.XMLDecoder">
 <object class="eDynamo.classes.T_GPS_AUTONUMBERS" id="T_GPS_AUTONUMBERS0">
  <void class="eDynamo.classes.T_GPS_AUTONUMBERS" method="getField">
   <string>NUMBER_ID</string>
   <void method="set">
    <object idref="T_GPS_AUTONUMBERS0"/>
    <double>748.0</double>
   </void>
  </void>
  <void class="eDynamo.classes.T_GPS_AUTONUMBERS" method="getField">
   <string>START_NUMERIC</string>
   <void method="set">
    <object idref="T_GPS_AUTONUMBERS0"/>
    <double>1.0</double>
   </void>
  </void>
  <void class="eDynamo.classes.T_GPS_AUTONUMBERS" method="getField">
   <string>END_NUMERIC</string>
   <void method="set">
    <object idref="T_GPS_AUTONUMBERS0"/>
    <double>999.0</double>
   </void>
  </void>
  <void class="eDynamo.classes.T_GPS_AUTONUMBERS" method="getField">
   <string>INCREMENT_BY</string>
   <void method="set">
    <object idref="T_GPS_AUTONUMBERS0"/>
    <double>1.0</double>
   </void>
  </void>
  <void class="eDynamo.classes.T_GPS_AUTONUMBERS" method="getField">
   <string>NUMBER_NAME</string>
   <void method="set">
    <object idref="T_GPS_AUTONUMBERS0"/>
    <string>TestAutoNumber07</string>
   </void>
  </void>
  <void class="eDynamo.classes.T_GPS_AUTONUMBERS" method="getField">
   <string>START_ALPHA</string>
   <void method="set">
    <object idref="T_GPS_AUTONUMBERS0"/>
    <string>A</string>
   </void>
  </void>
  <void class="eDynamo.classes.T_GPS_AUTONUMBERS" method="getField">
   <string>END_ALPHA</string>
   <void method="set">
    <object idref="T_GPS_AUTONUMBERS0"/>
    <string>Z</string>
   </void>
  </void>
  <void class="eDynamo.classes.T_GPS_AUTONUMBERS" method="getField">
   <string>DATE_FORMAT</string>
   <void method="set">
    <object idref="T_GPS_AUTONUMBERS0"/>
    <string>yyyy.MM.dd</string>
   </void>
  </void>
  <void class="eDynamo.classes.T_GPS_AUTONUMBERS" method="getField">
   <string>TIME_INCREMENT_TYPE</string>
   <void method="set">
    <object idref="T_GPS_AUTONUMBERS0"/>
    <string>MINUTES</string>
   </void>
  </void>
  <void class="eDynamo.classes.T_GPS_AUTONUMBERS" method="getField">
   <string>TIME_INCREMENT_BY</string>
   <void method="set">
    <object idref="T_GPS_AUTONUMBERS0"/>
    <long>1</long>
   </void>
  </void>
  <void class="eDynamo.classes.T_GPS_AUTONUMBERS" method="getField">
   <string>START_DATE</string>
   <void method="set">
    <object idref="T_GPS_AUTONUMBERS0"/>
    <object class="java.sql.Timestamp" method="valueOf">
     <string>2017-02-23 12:11:00.0</string>
    </object>
   </void>
  </void>
 </object>
</java>
