<?xml version="1.0" encoding="us-ascii"?>
<!DOCTYPE ExportObjectTypeLOV>
 <ExportObjectTypeLOV>
 	<VCPExportObjectType>
		   <VCPObjectType>APPLICATIONS</VCPObjectType>
		   <VCPObjectType>APPLICATION WORKFLOWS</VCPObjectType>	
		   <VCPObjectType>VIEWER INSTANCE SET</VCPObjectType>
		   <VCPObjectType>VIEWER INSTANCES</VCPObjectType>
		   <VCPObjectType>CUSTOM SETS</VCPObjectType>
		   <VCPObjectType>NODETYPES</VCPObjectType>
	</VCPExportObjectType>
	<ModelExportObjectType>
 		   <ModelObjectType>ETK MODELS</ModelObjectType>
		   <ModelObjectType>TPM MODELS</ModelObjectType>		       
		   <ModelObjectType>BPM MODELS</ModelObjectType>
		   <ModelObjectType>TAB MODELS</ModelObjectType>
	</ModelExportObjectType>
	<Notification_flag>
		<Notify>Yes</Notify>
		<Notify>No</Notify>
	</Notification_flag>
	<Instance_Enable>
		<InstanceEnable>true</InstanceEnable>
		<InstanceEnable>false</InstanceEnable>
	</Instance_Enable>
	<Owner_Approval>
		<OwnerApproval>true</OwnerApproval>
		<OwnerApproval>false</OwnerApproval>
	</Owner_Approval>
       <Sudo_User>
		<SudoUser>Yes</SudoUser>
		<SudoUser>No</SudoUser>
	</Sudo_User>
       <DB_RAC>
		<DBOnRAC>Yes</DBOnRAC>
		<DBOnRAC>No</DBOnRAC>
	</DB_RAC>
      <ContextNames>
		<ContextName>tri2.dir</ContextName>
		<ContextName>etk.dir</ContextName>
		<ContextName>tab.dir</ContextName>
		<ContextName>viewer.dir</ContextName>
		<ContextName>scheduler.dir</ContextName>
		<ContextName>tabimpl.dir</ContextName>
		<ContextName>tas.dir</ContextName>
		<ContextName>pda.dir</ContextName>
		<ContextName>fdt.dir</ContextName>
        	<ContextName>connections.dir</ContextName>
		<ContextName>deploy.path</ContextName>
		<ContextName>migbuild.dir</ContextName>
		<ContextName>tri2.dir</ContextName>
		<ContextName>ttt.dir</ContextName>
		<ContextName>etk.dir</ContextName>
	</ContextNames>
	<ProductNames>
		<ProductName>TRI2</ProductName>
		<ProductName>TTT</ProductName>
		<ProductName>TPM</ProductName>
		<ProductName>Scheduler</ProductName>
		<ProductName>ETK</ProductName>
		<ProductName>TAB_ETK</ProductName>
		<ProductName>PDA</ProductName>
		<ProductName>TRI2PPM</ProductName>
		<ProductName>TAB2.8</ProductName>
		<ProductName>TAB3.0</ProductName>
		<ProductName>TAB_ETK_SCH</ProductName>
        <ProductName>TRI2_TRI2PPM</ProductName>
	</ProductNames>
	<OracleReleaseVersions>
		<ReleaseVersion>R12</ReleaseVersion>
		<ReleaseVersion>11i</ReleaseVersion>
	</OracleReleaseVersions>
	<PropertyMigrationFlag>
		<MigrationFlag>Y</MigrationFlag>
		<MigrationFlag>N</MigrationFlag>
	</PropertyMigrationFlag>
	<PropertyOverridenFlag>
		<OverridenFlag>Y</OverridenFlag>
		<OverridenFlag>N</OverridenFlag>
	</PropertyOverridenFlag>
	<PropertyServerRestartFlag>
		<ServerRestartFlag>Y</ServerRestartFlag>
		<ServerRestartFlag>N</ServerRestartFlag>
	</PropertyServerRestartFlag>
       <BuildPatchInstances>
 		   <BuildInstances>HLPBM</BuildInstances>
		   <BuildInstances>PRODUCTSV5</BuildInstances>		       
	</BuildPatchInstances>
       <MigrationClasses>
 		   <MigrationClass>TrinitiObjectsMigrator</MigrationClass>
		   <MigrationClass>AOLMigrator</MigrationClass>
		   <MigrationClass>DBMigrator</MigrationClass>
		   <MigrationClass>FRMMigrator</MigrationClass>
	          <MigrationClass>OPMigrator</MigrationClass>
       </MigrationClasses>
	<ActiveFlag>
		<Flag>true</Flag>
		<Flag>false</Flag>
	</ActiveFlag>
	<OracleWorkflowModes>
		<WorkFlowModes>UPGRADE</WorkFlowModes>
		<WorkFlowModes>UPLOAD</WorkFlowModes>
		<WorkFlowModes>FORCE</WorkFlowModes>
	</OracleWorkflowModes>

</ExportObjectTypeLOV>
