<?xml version="1.0" encoding="us-ascii"?>
<!DOCTYPE LOB_TYPE>
<XDO_FILE_TYPE>
<XDO_FILE_TYPE_NAME>
	<XDO_FILE_TYPEName>PDF</XDO_FILE_TYPEName>
	<XDO_FILE_TYPEName>XML</XDO_FILE_TYPEName>
	<XDO_FILE_TYPEName>XML-BURSTING-FILE</XDO_FILE_TYPEName>
	<XDO_FILE_TYPEName>RTF</XDO_FILE_TYPEName>
	<XDO_FILE_TYPEName>RTF-ETEXT</XDO_FILE_TYPEName>
	<XDO_FILE_TYPEName>XSL-TEXT</XDO_FILE_TYPEName>
	<XDO_FILE_TYPEName>XLS</XDO_FILE_TYPEName>
	<XDO_FILE_TYPEName>XSL-HTML</XDO_FILE_TYPEName>
	<XDO_FILE_TYPEName>XSD</XDO_FILE_TYPEName>
	<XDO_FILE_TYPEName>XSL-FO</XDO_FILE_TYPEName>
	<XDO_FILE_TYPEName>XML-DATA-TEMPLATE</XDO_FILE_TYPEName>
	<XDO_FILE_TYPEName>XSL-XML</XDO_FILE_TYPEName>
	<XDO_FILE_TYPEName>XSL-ETEXT</XDO_FILE_TYPEName>
	<XDO_FILE_TYPEName>TTF</XDO_FILE_TYPEName>
</XDO_FILE_TYPE_NAME>
</XDO_FILE_TYPE>
